<configuration>
    <property name="log_dir" value="../logs"/>

    <appender name="FILE_ROLLING"
              class="ch.qos.logback.core.rolling.RollingFileAppender">
        <!-- Support multiple-JVM writing to the same log file -->
        <prudent>true</prudent>
        <rollingPolicy class="ch.qos.logback.core.rolling.TimeBasedRollingPolicy">
            <fileNamePattern>${log_dir}/api-server.%d{yyyy-MM-dd}.log</fileNamePattern>
            <maxHistory>30</maxHistory>
        </rollingPolicy>

        <encoder>
            <pattern>%d{yyyy-MM-dd HH:mm:ss.SSS} [%thread] %-5level %logger{35} - %msg%n</pattern>
        </encoder>
    </appender>

    <appender name="STDOUT" class="ch.qos.logback.core.ConsoleAppender">
        <encoder>
            <pattern>%d{HH:mm:ss.SSS} [%thread] %-5level %logger{36} - %msg%n</pattern>
        </encoder>
    </appender>

<!--    <logger name="ktor.application" level="WARN"/>-->

    <root level="info">
        <!-- appender-ref ref="FILE" / -->
        <appender-ref ref="FILE_ROLLING"/>
        <appender-ref ref="STDOUT"/>
    </root>
</configuration>